{"v":"5.5.7","meta":{"g":"LottieFiles AE 0.1.20","a":"","k":"","d":"","tc":""},"fr":60,"ip":0,"op":181,"w":150,"h":150,"nm":"Flikr v2","ddd":0,"assets":[],"layers":[{"ddd":0,"ind":1,"ty":3,"nm":"controller","sr":1,"ks":{"o":{"a":0,"k":0,"ix":11},"r":{"a":1,"k":[{"i":{"x":[0.31],"y":[1]},"o":{"x":[0.69],"y":[0]},"t":42,"s":[90]},{"i":{"x":[0.31],"y":[1]},"o":{"x":[0.167],"y":[0]},"t":90,"s":[0]},{"i":{"x":[0.31],"y":[1]},"o":{"x":[0.69],"y":[0]},"t":96,"s":[0]},{"t":134,"s":[-90]}],"ix":10},"p":{"a":0,"k":[75,75,0],"ix":2},"a":{"a":0,"k":[0,0,0],"ix":1},"s":{"a":0,"k":[44,44,100],"ix":6}},"ao":0,"ip":42,"op":184,"st":42,"bm":0},{"ddd":0,"ind":2,"ty":4,"nm":"pinkCircle","parent":1,"sr":1,"ks":{"o":{"a":0,"k":100,"ix":11},"r":{"a":0,"k":0,"ix":10},"p":{"a":0,"k":[0,0,0],"ix":2},"a":{"a":0,"k":[0,0,0],"ix":1},"s":{"a":1,"k":[{"i":{"x":[0.31,0.31,0.31],"y":[1,1,1]},"o":{"x":[0.167,0.167,0.167],"y":[0.167,0.167,16.667]},"t":30,"s":[0,0,100]},{"i":{"x":[0.31,0.31,0.31],"y":[1,1,1]},"o":{"x":[0.167,0.167,0.167],"y":[0,0,0]},"t":78,"s":[100,100,100]},{"i":{"x":[0.31,0.31,0.31],"y":[1,1,1]},"o":{"x":[0.69,0.69,0.69],"y":[0,0,0]},"t":116,"s":[100,100,100]},{"t":164,"s":[0,0,100]}],"ix":6}},"ao":0,"shapes":[{"ty":"gr","it":[{"ind":0,"ty":"sh","ix":1,"ks":{"a":0,"k":{"i":[[0,0]],"o":[[0,0]],"v":[[144.145,0.641]],"c":false},"ix":2},"nm":"Path 1","mn":"ADBE Vector Shape - Group","hd":false},{"ind":1,"ty":"sh","ix":2,"ks":{"a":0,"k":{"i":[[0,0],[37.91,0],[0,37.906],[-37.91,0],[0,-37.911]],"o":[[0,37.906],[-37.91,0],[0,-37.911],[37.91,0],[0,0]],"v":[[144.145,0.641],[75.504,69.281],[6.863,0.641],[75.504,-68],[144.145,0.641]],"c":true},"ix":2},"nm":"Path 2","mn":"ADBE Vector Shape - Group","hd":false},{"ty":"fl","c":{"a":1,"k":[{"i":{"x":[0.31],"y":[1]},"o":{"x":[0.167],"y":[0.188]},"t":30,"s":[0,0.388235300779,0.86274510622,1]},{"t":78,"s":[1,0,0.517647087574,1]}],"ix":4},"o":{"a":0,"k":100,"ix":5},"r":1,"bm":0,"nm":"Fill 1","mn":"ADBE Vector Graphic - Fill","hd":false},{"ty":"tr","p":{"a":0,"k":[0,0],"ix":2},"a":{"a":0,"k":[0,0],"ix":1},"s":{"a":0,"k":[100,100],"ix":3},"r":{"a":0,"k":0,"ix":6},"o":{"a":0,"k":100,"ix":7},"sk":{"a":0,"k":0,"ix":4},"sa":{"a":0,"k":0,"ix":5},"nm":"Transform"}],"nm":"Group 1","np":3,"cix":2,"bm":0,"ix":1,"mn":"ADBE Vector Group","hd":false}],"ip":30,"op":184,"st":30,"bm":0},{"ddd":0,"ind":3,"ty":4,"nm":"blueCircle","parent":1,"sr":1,"ks":{"o":{"a":0,"k":100,"ix":11},"r":{"a":0,"k":0,"ix":10},"p":{"a":0,"k":[0,0,0],"ix":2},"a":{"a":0,"k":[0,0,0],"ix":1},"s":{"a":1,"k":[{"i":{"x":[0.31,0.31,0.31],"y":[1,1,1]},"o":{"x":[0.69,0.69,0.69],"y":[0,0,0]},"t":0,"s":[0,0,100]},{"i":{"x":[0.31,0.31,0.31],"y":[1,1,1]},"o":{"x":[0.167,0.167,0.167],"y":[0,0,0]},"t":48,"s":[100,100,100]},{"i":{"x":[0.31,0.31,0.31],"y":[1,1,1]},"o":{"x":[0.69,0.69,0.69],"y":[0,0,0]},"t":132,"s":[100,100,100]},{"t":180,"s":[0,0,100]}],"ix":6}},"ao":0,"shapes":[{"ty":"gr","it":[{"ind":0,"ty":"sh","ix":1,"ks":{"a":0,"k":{"i":[[0,0]],"o":[[0,0]],"v":[[-8.719,0.641]],"c":false},"ix":2},"nm":"Path 1","mn":"ADBE Vector Shape - Group","hd":false},{"ind":1,"ty":"sh","ix":2,"ks":{"a":0,"k":{"i":[[0,0],[37.906,0],[0,37.906],[-37.911,0],[0,-37.911]],"o":[[0,37.906],[-37.911,0],[0,-37.911],[37.906,0],[0,0]],"v":[[-8.719,0.641],[-77.359,69.281],[-146,0.641],[-77.359,-68],[-8.719,0.641]],"c":true},"ix":2},"nm":"Path 2","mn":"ADBE Vector Shape - Group","hd":false},{"ty":"fl","c":{"a":1,"k":[{"i":{"x":[0.31],"y":[1]},"o":{"x":[0.167],"y":[-0.188]},"t":0,"s":[1,0,0.517647087574,1]},{"t":48,"s":[0,0.388235300779,0.86274510622,1]}],"ix":4},"o":{"a":0,"k":100,"ix":5},"r":1,"bm":0,"nm":"Fill 1","mn":"ADBE Vector Graphic - Fill","hd":false},{"ty":"tr","p":{"a":0,"k":[0,0],"ix":2},"a":{"a":0,"k":[0,0],"ix":1},"s":{"a":0,"k":[100,100],"ix":3},"r":{"a":0,"k":0,"ix":6},"o":{"a":0,"k":100,"ix":7},"sk":{"a":0,"k":0,"ix":4},"sa":{"a":0,"k":0,"ix":5},"nm":"Transform"}],"nm":"Group 1","np":3,"cix":2,"bm":0,"ix":1,"mn":"ADBE Vector Group","hd":false}],"ip":0,"op":184,"st":0,"bm":0}],"markers":[]}